To Kill a Mockingbird;Harper Lee;1960;281
1984;George Orwell;1949;328
Pride and Prejudice;Jane Austen;1813;279
The Great Gatsby;F. Scott Fitzgerald;1925;180
Moby-Dick;Herman Melville;1851;585
War and Peace;Leo Tolstoy;1869;1225
The Catcher in the Rye;J.D. Salinger;1951;277
The Hobbit;J.R.R. Tolkien;1937;310
Brave New World;Aldous Huxley;1932;268
Crime and Punishment;Fyodor Dostoevsky;1866;671
Anna Karenina;Leo Tolstoy;1877;864
The Brothers Karamazov;Fyodor Dostoevsky;1880;796
One Hundred Years of Solitude;Gabriel Garc�a Marquez;1967;417
Don Quixote;Miguel de Cervantes;1605;992
The Divine Comedy;Dante Alighieri;1320;798
Jane Eyre;Charlotte Bronte;1847;500
Wuthering Heights;Emily Bronte;1847;416
The Lord of the Rings;J.R.R. Tolkien;1954;1178
Great Expectations;Charles Dickens;1861;505
The Adventures of Huckleberry Finn;Mark Twain;1884;366
Frankenstein;Mary Shelley;1818;280
The Picture of Dorian Gray;Oscar Wilde;1890;254
Catch-22;Joseph Heller;1961;453
Dracula;Bram Stoker;1897;418
Les Mis�rables;Victor Hugo;1862;1463
Alice's Adventures in Wonderland;Lewis Carroll;1865;200
Madame Bovary;Gustave Flaubert;1857;329
Ulysses;James Joyce;1922;730
The Grapes of Wrath;John Steinbeck;1939;464
Lolita;Vladimir Nabokov;1955;336
Fahrenheit 451;Ray Bradbury;1953;194
The Stranger;Albert Camus;1942;123
Heart of Darkness;Joseph Conrad;1899;164
The Old Man and the Sea;Ernest Hemingway;1952;127
Slaughterhouse-Five;Kurt Vonnegut;1969;275
Of Mice and Men;John Steinbeck;1937;187
The Count of Monte Cristo;Alexandre Dumas;1844;1276
The Scarlet Letter;Nathaniel Hawthorne;1850;272
The Metamorphosis;Franz Kafka;1915;201
A Tale of Two Cities;Charles Dickens;1859;341
The Sun Also Rises;Ernest Hemingway;1926;251
Mansfield Park;Jane Austen;1814;480
David Copperfield;Charles Dickens;1850;882
Persuasion;Jane Austen;1817;249
Bleak House;Charles Dickens;1853;913
Sense and Sensibility;Jane Austen;1811;409
Emma;Jane Austen;1815;474
To the Lighthouse;Virginia Woolf;1927;209
Rebecca;Daphne du Maurier;1938;416
Gone with the Wind;Margaret Mitchell;1936;1037
The Catcher in the Rye;J.D. Salinger;1951;214
Beloved;Toni Morrison;1987;324
The Bell Jar;Sylvia Plath;1963;288
The Road;Cormac McCarthy;2006;287
Life of Pi;Yann Martel;2001;319
The Secret Garden;Frances Hodgson Burnett;1911;375
The Book Thief;Markus Zusak;2005;584
The Alchemist;Paulo Coelho;1988;197
Charlotte's Web;E.B. White;1952;192
Brave New World;Aldous Huxley;1932;288
The Kite Runner;Khaled Hosseini;2003;371
Animal Farm;George Orwell;1945;112
Lord of the Flies;William Golding;1954;224
The Road;Cormac McCarthy;2006;287
The Lovely Bones;Alice Sebold;2002;328
A Thousand Splendid Suns;Khaled Hosseini;2007;384
The Curious Incident of the Dog in the Night-Time;Mark Haddon;2003;274
The Da Vinci Code;Dan Brown;2003;454
Memoirs of a Geisha;Arthur Golden;1997;428
The Time Traveler's Wife;Audrey Niffenegger;2003;546
The Hunger Games;Suzanne Collins;2008;374
Divergent;Veronica Roth;2011;487
The Help;Kathryn Stockett;2009;444
The Maze Runner;James Dashner;2009;375
Twilight;Stephenie Meyer;2005;498
Harry Potter and the Sorcerer's Stone;J.K. Rowling;1997;309
The Giver;Lois Lowry;1993;240
The Outsiders;S.E. Hinton;1967;192
The Fault in Our Stars;John Green;2012;313
Looking for Alaska;John Green;2005;221
Eleanor & Park;Rainbow Rowell;2012;328
The Perks of Being a Wallflower;Stephen Chbosky;1999;213
Gone Girl;Gillian Flynn;2012;432
The Girl on the Train;Paula Hawkins;2015;395
Big Little Lies;Liane Moriarty;2014;460
A Game of Thrones;George R.R. Martin;1996;694
Ender's Game;Orson Scott Card;1985;324
Dune;Frank Herbert;1965;412
The Handmaid's Tale;Margaret Atwood;1985;311
American Gods;Neil Gaiman;2001;465
The Name of the Wind;Patrick Rothfuss;2007;662
Ready Player One;Ernest Cline;2011;374
Good Omens;Neil Gaiman & Terry Pratchett;1990;288
The Martian;Andy Weir;2011;369
The Night Circus;Erin Morgenstern;2011;387
The Shining;Stephen King;1977;447
It;Stephen King;1986;1138
The Stand;Stephen King;1978;823
