To Kill a Mockingbird;Harper Lee;1960;281
1984;George Orwell;1949;328
Pride and Prejudice;Jane Austen;1813;279
The Great Gatsby;F. Scott Fitzgerald;1925;180
Moby-Dick;Herman Melville;1851;585
War and Peace;Leo Tolstoy;1869;1225
The Catcher in the Rye;J.D. Salinger;1951;277
The Hobbit;J.R.R. Tolkien;1937;310
Brave New World;Aldous Huxley;1932;268
Crime and Punishment;Fyodor Dostoevsky;1866;671
Anna Karenina;Leo Tolstoy;1877;864
The Brothers Karamazov;Fyodor Dostoevsky;1880;796
One Hundred Years of Solitude;Gabriel Garcja Marquez;1967;417
Don Quixote;Miguel de Cervantes;1605;992
The Divine Comedy;Dante Alighieri;1320;798
Jane Eyre;Charlotte Bronte;1847;500
Wuthering Heights;Emily Bronte;1847;416
The Lord of the Rings;J.R.R. Tolkien;1954;1178
Great Expectations;Charles Dickens;1861;505
The Adventures of Huckleberry Finn;Mark Twain;1884;366
Frankenstein;Mary Shelley;1818;280
The Picture of Dorian Gray;Oscar Wilde;1890;254
The Catch-22;Joseph Heller;1961;453
Dracula;Bram Stoker;1897;418
Les Mis�rables;Victor Hugo;1862;1463
Alice's Adventures in Wonderland;Lewis Carroll;1865;200
Madame Bovary;Gustave Flaubert;1857;329
Ulysses;James Joyce;1922;730
The Grapes of Wrath;John Steinbeck;1939;464
Lolita;Vladimir Nabokov;1955;336
Fahrenheit 451;Ray Bradbury;1953;194
The Stranger;Albert Camus;1942;123
Heart of Darkness;Joseph Conrad;1899;164
The Old Man and the Sea;Ernest Hemingway;1952;127
Slaughterhouse-Five;Kurt Vonnegut;1969;275
Of Mice and Men;John Steinbeck;1937;187
The Count of Monte Cristo;Alexandre Dumas;1844;1276
The Scarlet Letter;Nathaniel Hawthorne;1850;272
The Metamorphosis;Franz Kafka;1915;201
A Tale of Two Cities;Charles Dickens;1859;341
The Sun Also Rises;Ernest Hemingway;1926;251
Mansfield Park;Jane Austen;1814;480
David Copperfield;Charles Dickens;1850;882
Persuasion;Jane Austen;1817;249
Bleak House;Charles Dickens;1853;913
Sense and Sensibility;Jane Austen;1811;409
Emma;Jane Austen;1815;474
To the Lighthouse;Virginia Woolf;1927;209
