Max Verstappen;Oracle Red Bull Racing;34
Sergio Perez;Oracle Red Bull Racing;22
Lewis Hamilton;Mercedes AMG Petronas Formula One Team;4
Fernando Alonso;Aston Martin Aramco Cognizant;14
Charles Leclerc;Scuderia Ferrari;18
Lando Norris;McLaren F1 Team;12
Carlos Sainz;Scuderia Ferrari;14
George Russell;Mercedes AMG Petronas Formula One Team;7
Lance Stroll;Aston Martin Aramco Cognizant;7
Gasly Pierre;BWT Alpine F1 Team;1
Esteban Ocon;BWT Alpine F1 Team;2
Nico Hulkenberg;MoneyGram Haas F1 Team;3
